arrival_date_year,arrival_date_week_number,arrival_date_day_of_month,is_repeated_guest,previous_cancellations,previous_bookings_not_canceled,booking_changes,days_in_waiting_list,required_car_parking_spaces,total_of_special_requests,total_nights,total_guests,is_high_season,adr_log,lead_time_log,hotel_Resort Hotel,arrival_date_month_August,arrival_date_month_December,arrival_date_month_February,arrival_date_month_January,arrival_date_month_July,arrival_date_month_June,arrival_date_month_March,arrival_date_month_May,arrival_date_month_November,arrival_date_month_October,arrival_date_month_September,meal_FB,meal_HB,meal_SC,meal_Undefined,market_segment_Complementary,market_segment_Corporate,market_segment_Direct,market_segment_Groups,market_segment_Offline TA/TO,market_segment_Online TA,distribution_channel_Direct,distribution_channel_GDS,distribution_channel_TA/TO,distribution_channel_Undefined,deposit_type_Non Refund,deposit_type_Refundable,customer_type_Group,customer_type_Transient,customer_type_Transient-Party,reserved_room_type_B,reserved_room_type_C,reserved_room_type_D,reserved_room_type_E,reserved_room_type_F,reserved_room_type_G,reserved_room_type_H,reserved_room_type_L,assigned_room_type_B,assigned_room_type_C,assigned_room_type_D,assigned_room_type_E,assigned_room_type_F,assigned_room_type_G,assigned_room_type_H,assigned_room_type_I,assigned_room_type_K,assigned_room_type_L
2017,18,3,0,0,0,0,0,0,0,4,2,0,4.844187086458591,4.007333185232471,False,False,False,False,False,False,False,False,True,False,False,False,False,False,True,False,False,False,False,False,False,True,False,False,True,False,False,False,False,True,False,False,False,False,False,False,False,False,False,False,False,False,False,False,False,False,False,False,False
2015,39,21,0,0,0,0,0,0,0,2,2,0,3.295836866004329,5.225746673713202,True,False,False,False,False,False,False,False,False,False,False,True,False,True,False,False,False,False,False,True,False,False,False,False,True,False,False,False,False,False,True,False,False,False,False,False,False,False,False,False,False,False,False,False,False,False,False,False,False
2016,53,29,0,0,0,0,0,0,1,1,1,0,4.110873864173311,2.833213344056216,True,False,True,False,False,False,False,False,False,False,False,False,False,False,False,False,False,False,False,False,False,True,False,False,True,False,False,False,False,True,False,False,False,False,False,False,False,False,False,False,False,False,False,False,False,False,False,False,False
2017,30,29,0,0,0,0,0,0,0,3,2,1,4.733299513698619,6.150602768446279,False,False,False,False,False,True,False,False,False,False,False,False,False,False,False,False,False,False,False,False,True,False,False,False,True,False,False,False,False,False,True,False,False,False,False,False,False,False,False,False,False,False,False,False,False,False,False,False,False
2015,41,5,0,0,0,1,0,0,0,5,2,0,3.9852734671677386,4.02535169073515,True,False,False,False,False,False,False,False,False,False,True,False,False,False,False,False,False,False,False,False,True,False,False,False,True,False,False,False,False,False,False,False,False,True,False,False,False,False,False,False,False,False,True,False,False,False,False,False,False
2017,22,31,0,0,0,0,0,0,1,2,2,0,4.844187086458591,5.075173815233827,False,False,False,False,False,False,False,False,True,False,False,False,False,False,False,False,False,False,False,False,False,True,False,False,True,False,False,False,False,True,False,False,False,False,False,False,False,False,False,False,False,False,False,False,False,False,False,False,False
2016,43,19,0,0,0,0,0,0,1,1,2,0,4.691347882229144,3.9318256327243257,False,False,False,False,False,False,False,False,False,False,True,False,False,False,True,False,False,False,False,False,False,True,False,False,True,False,False,False,False,True,False,False,False,False,False,False,False,False,False,False,False,False,False,False,False,False,False,False,False
2015,30,19,0,0,0,0,0,0,2,5,2,1,4.996874378846218,3.6375861597263857,True,False,False,False,False,True,False,False,False,False,False,False,False,True,False,False,False,False,True,False,False,False,True,False,False,False,False,False,False,True,False,False,False,True,False,False,False,False,False,False,False,True,False,False,False,False,False,False,False
2015,30,23,0,0,0,0,0,0,0,6,2,1,4.983606621708336,4.290459441148391,True,False,False,False,False,True,False,False,False,False,False,False,False,False,False,False,False,False,False,False,False,True,False,False,True,False,False,False,False,True,False,False,False,False,True,False,False,False,False,False,False,False,True,False,False,False,False,False,False
2016,27,26,0,0,0,0,0,0,1,1,2,0,4.624972813284271,2.70805020110221,False,False,False,False,False,False,True,False,False,False,False,False,False,False,False,False,False,False,False,False,False,True,False,False,True,False,False,False,False,True,False,False,False,False,False,False,False,False,False,False,False,False,False,False,False,False,False,False,False
2017,21,26,0,0,0,1,0,0,0,3,2,0,4.919980925828125,3.610917912644224,False,False,False,False,False,False,False,False,True,False,False,False,False,False,False,False,False,False,False,False,True,False,False,False,True,False,False,False,False,True,False,False,False,False,False,False,False,False,False,False,False,False,False,False,False,False,False,False,False
2016,45,5,0,0,0,1,0,0,0,3,3,0,4.745714430980399,3.9318256327243257,False,False,False,False,False,False,False,False,False,True,False,False,False,False,False,False,False,False,False,False,False,True,False,False,True,False,False,False,False,True,False,False,False,False,False,False,False,False,False,False,False,True,False,False,False,False,False,False,False
2015,37,11,0,0,0,0,0,0,0,2,1,0,4.61512051684126,4.477336814478207,False,False,False,False,False,False,False,False,False,False,False,True,False,False,False,False,False,False,False,True,False,False,False,False,False,False,True,False,False,True,False,False,False,False,False,False,False,False,False,False,False,False,False,False,False,False,False,False,False
2016,40,28,0,0,0,0,0,0,1,2,2,0,5.082645830072528,2.5649493574615367,False,False,False,False,False,False,False,False,False,False,False,True,False,False,False,False,False,False,False,False,False,True,False,False,True,False,False,False,False,True,False,False,False,False,True,False,False,False,False,False,False,False,True,False,False,False,False,False,False
2017,9,3,0,0,0,0,0,0,0,1,4,0,5.042779747422823,5.673323267171493,False,False,False,False,False,False,False,True,False,False,False,False,False,False,False,False,False,False,False,False,False,True,False,False,True,False,False,False,False,True,False,False,False,False,False,True,False,False,False,False,False,False,False,True,False,False,False,False,False
2016,19,7,0,0,0,0,0,0,1,1,2,0,4.763028270603671,4.3694478524670215,False,False,False,False,False,False,False,False,True,False,False,False,False,False,True,False,False,False,False,False,False,True,False,False,True,False,False,False,False,True,False,False,False,False,False,False,False,False,False,False,False,False,False,False,False,False,False,False,False
2016,39,22,0,0,0,0,0,0,2,1,2,0,4.394449154672439,5.4510384535657,True,False,False,False,False,False,False,False,False,False,False,True,False,False,False,False,False,False,False,False,False,True,False,False,True,False,False,False,False,True,False,False,False,False,False,False,False,False,False,False,False,False,False,False,False,False,False,False,False
2016,49,3,0,0,0,0,0,0,0,3,4,0,5.227519295239321,1.791759469228055,False,False,True,False,False,False,False,False,False,False,False,False,False,False,False,False,False,False,False,False,False,True,False,False,True,False,False,False,False,True,False,False,False,False,False,True,False,False,False,False,False,False,False,True,False,False,False,False,False
2016,17,17,0,0,0,0,0,0,1,3,2,0,4.73444252169223,3.828641396489095,False,False,False,False,False,False,False,False,False,False,False,False,False,False,False,False,False,False,False,False,False,True,False,False,True,False,False,False,False,True,False,False,False,True,False,False,False,False,False,False,False,True,False,False,False,False,False,False,False
2016,43,16,0,0,0,0,0,0,0,1,2,0,4.51085950651685,5.659482215759621,False,False,False,False,False,False,False,False,False,False,True,False,False,False,False,False,False,False,False,False,True,False,False,False,True,False,True,False,False,True,False,False,False,False,False,False,False,False,False,False,False,False,False,False,False,False,False,False,False
2017,7,13,0,0,0,0,0,0,2,3,3,0,4.938781190328272,4.23410650459726,False,False,False,True,False,False,False,False,False,False,False,False,False,False,False,False,False,False,False,False,False,True,False,False,True,False,False,False,False,False,True,False,False,True,False,False,False,False,False,False,False,False,False,False,False,False,False,False,False
2016,20,11,0,0,0,1,0,0,1,3,2,0,4.763028270603671,3.871201010907891,False,False,False,False,False,False,False,False,True,False,False,False,False,False,True,False,False,False,False,False,False,True,False,False,True,False,False,False,False,True,False,False,False,False,False,False,False,False,False,False,False,False,False,False,False,False,False,False,False
2017,12,24,0,0,0,1,0,0,0,2,1,0,4.51085950651685,4.30406509320417,False,False,False,False,False,False,False,True,False,False,False,False,False,False,False,False,False,False,False,True,False,False,False,False,True,False,False,False,False,False,True,False,False,False,False,False,False,False,False,False,False,False,False,False,False,False,False,False,False
2016,20,9,0,0,0,0,0,0,0,1,2,0,4.499809670330265,0.0,False,False,False,False,False,False,False,False,True,False,False,False,False,False,True,False,False,False,False,False,False,True,False,False,True,False,False,False,False,True,False,False,False,False,False,False,False,False,False,False,False,False,False,False,False,False,False,False,False
2016,11,7,0,0,0,0,0,0,0,2,1,0,4.394449154672439,1.9459101490553128,False,False,False,False,False,False,False,True,False,False,False,False,False,False,False,False,False,True,False,False,False,False,False,False,False,False,False,False,False,True,False,False,False,False,False,False,False,False,False,False,False,False,False,False,False,False,False,False,False
2017,33,16,0,0,0,0,0,0,0,3,2,1,4.859812404361672,1.0986122886681098,False,True,False,False,False,False,False,False,False,False,False,False,False,False,True,False,False,False,False,False,False,True,False,False,True,False,False,False,False,True,False,False,False,False,False,False,False,False,False,False,False,False,False,False,False,False,False,False,False
2016,13,25,0,0,0,0,0,0,1,2,2,0,5.017279836814924,3.218875824868201,True,False,False,False,False,False,False,True,False,False,False,False,False,True,False,False,False,False,True,False,False,False,True,False,False,False,False,False,False,True,False,False,False,False,False,True,False,False,False,False,False,False,False,True,False,False,False,False,False
2016,23,29,0,0,0,0,0,0,0,1,2,0,4.553876891600541,1.9459101490553128,True,False,False,False,False,False,False,False,True,False,False,False,False,False,False,False,False,False,False,False,False,True,False,False,True,False,False,False,False,True,False,False,False,True,False,False,False,False,False,False,False,False,True,False,False,False,False,False,False
2017,11,15,0,0,0,0,0,0,0,2,1,0,4.330733340286331,4.07753744390572,False,False,False,False,False,False,False,True,False,False,False,False,False,False,False,False,False,False,False,False,True,False,False,False,True,False,False,False,False,True,False,False,False,False,False,False,False,False,False,False,False,False,False,False,False,False,False,False,False
2016,40,30,0,0,0,0,0,0,0,3,2,0,4.890349128221754,5.267858159063328,False,False,False,False,False,False,False,False,False,False,False,True,False,False,False,False,False,False,False,True,False,False,False,False,False,False,False,False,False,False,True,False,False,False,False,False,False,False,False,False,False,False,False,False,False,False,False,False,False
2016,32,31,0,0,0,0,0,0,1,4,2,1,4.623010104116422,5.099866427824199,True,False,False,False,False,True,False,False,False,False,False,False,False,False,False,False,False,False,False,False,True,False,False,False,True,False,False,False,False,True,False,False,False,False,False,False,False,False,False,False,False,False,False,False,False,False,False,False,False
2015,36,1,0,0,0,0,0,0,1,7,2,0,4.093510881473524,5.389071729816501,True,False,False,False,False,False,False,False,False,False,False,True,False,False,False,False,False,False,False,False,True,False,False,False,True,False,False,False,False,True,False,False,False,False,False,False,False,False,False,False,False,False,False,False,False,False,False,False,False
2015,40,27,0,0,0,0,0,0,0,1,1,0,5.14166355650266,4.499809670330265,False,False,False,False,False,False,False,False,False,False,False,True,False,False,False,False,False,False,False,True,False,False,False,False,True,False,True,False,False,True,False,False,False,False,False,False,False,False,False,False,False,False,False,False,False,False,False,False,False
2017,23,8,0,0,0,0,0,0,1,6,2,0,4.948759890378168,3.044522437723423,True,False,False,False,False,False,True,False,False,False,False,False,False,False,False,False,False,False,False,False,False,True,False,False,True,False,False,False,False,True,False,False,False,False,False,False,False,False,False,False,False,False,False,False,False,False,False,False,False
2016,29,11,0,0,0,0,0,0,1,4,2,1,4.630642981961122,5.062595033026967,False,False,False,False,False,True,False,False,False,False,False,False,False,False,False,False,False,False,False,False,False,True,False,False,True,False,False,False,False,True,False,False,False,False,False,False,False,False,False,False,False,False,False,False,False,False,False,False,False
2016,10,5,0,0,0,0,0,1,1,2,2,0,3.610917912644224,3.828641396489095,True,False,False,False,False,False,False,True,False,False,False,False,False,False,False,False,False,False,False,False,True,False,False,False,True,False,False,False,False,False,True,False,False,False,False,False,False,False,False,False,False,False,False,False,False,False,False,False,False
2017,20,17,0,0,0,0,0,0,0,1,2,0,4.143134726391533,5.181783550292085,True,False,False,False,False,False,False,False,True,False,False,False,False,False,False,False,False,False,False,False,True,False,False,False,True,False,False,False,False,True,False,False,False,True,False,False,False,False,False,False,False,False,True,False,False,False,False,False,False
2016,45,4,0,0,0,0,0,0,0,2,2,0,0.0,2.19722457733622,True,False,False,False,False,False,False,False,False,True,False,False,False,False,False,False,True,False,False,False,False,False,True,False,False,False,False,False,False,True,False,False,False,False,False,False,False,False,False,False,False,False,False,False,False,False,False,False,False
2017,32,12,1,0,0,1,0,0,2,1,2,1,5.484796933490655,0.0,False,True,False,False,False,False,False,False,False,False,False,False,False,True,False,False,False,False,True,False,False,False,True,False,False,False,False,False,False,True,False,False,False,True,False,False,False,False,False,False,False,True,False,False,False,False,False,False,False
2015,42,16,0,1,0,0,0,0,0,3,4,0,5.111987788356544,3.4339872044851463,False,False,False,False,False,False,False,False,False,False,True,False,False,False,False,False,False,False,False,False,False,True,False,False,True,False,False,False,False,False,False,False,False,False,False,True,False,False,False,False,False,False,False,True,False,False,False,False,False
2016,21,20,0,0,0,0,0,0,1,3,2,0,4.793308128103486,5.123963979403259,False,False,False,False,False,False,False,False,True,False,False,False,False,False,False,False,False,False,False,False,False,True,False,False,True,False,False,False,False,True,False,False,False,False,False,False,False,False,False,False,False,True,False,False,False,False,False,False,False
2016,53,31,0,0,0,0,0,0,0,2,3,0,4.808111029984782,5.5909869805108565,False,False,True,False,False,False,False,False,False,False,False,False,False,False,False,False,False,False,False,False,False,True,False,False,True,False,False,False,False,True,False,False,False,True,False,False,False,False,False,False,False,True,False,False,False,False,False,False,False
2015,50,6,0,0,0,2,0,0,0,6,1,0,4.663439094112067,0.0,False,False,True,False,False,False,False,False,False,False,False,False,False,False,False,False,False,False,True,False,False,False,True,False,False,False,False,False,False,True,False,False,False,False,False,False,False,False,False,False,False,False,False,False,False,False,False,False,False
2017,18,1,0,0,0,0,0,0,0,3,2,0,4.770684624465665,5.332718793265369,False,False,False,False,False,False,False,False,True,False,False,False,False,False,False,False,False,False,False,False,False,True,False,False,True,False,False,False,False,True,False,False,False,False,False,False,False,False,False,False,False,False,False,False,False,False,False,False,False
2015,42,15,0,0,0,1,0,0,0,3,2,0,3.817712325956905,5.662960480135946,True,False,False,False,False,False,False,False,False,False,True,False,False,False,False,False,False,False,False,True,False,False,False,False,False,False,False,False,False,False,True,False,False,False,False,False,False,False,False,False,False,False,True,False,False,False,False,False,False
2016,41,8,0,0,0,0,0,0,0,4,2,0,4.290459441148391,5.976350909297934,True,False,False,False,False,False,False,False,False,False,True,False,False,True,False,False,False,False,False,True,False,False,False,False,True,False,True,False,False,True,False,False,False,False,False,False,False,False,False,False,False,False,False,False,False,False,False,False,False
2015,35,28,0,0,0,0,0,0,3,1,2,1,4.7535901911063645,3.4339872044851463,True,True,False,False,False,False,False,False,False,False,False,False,False,False,False,False,False,False,True,False,False,False,True,False,False,False,False,False,False,True,False,False,False,False,False,False,False,False,False,False,False,False,False,False,True,False,False,False,False
2017,29,16,0,0,0,0,0,0,1,3,4,1,5.19351225218191,5.209486152841421,False,False,False,False,False,True,False,False,False,False,False,False,False,False,False,False,False,False,False,False,False,True,False,False,True,False,False,False,False,True,False,False,False,False,False,True,False,False,False,False,False,False,False,True,False,False,False,False,False
2017,13,31,0,0,0,0,0,0,1,4,2,0,4.715816706075155,4.663439094112067,False,False,False,False,False,False,False,True,False,False,False,False,False,False,False,False,False,False,False,False,False,True,False,False,True,False,False,False,False,True,False,False,False,False,False,False,False,False,False,False,False,False,False,False,False,False,False,False,False
2016,41,5,0,0,0,0,0,0,1,2,2,0,4.691347882229144,3.951243718581428,False,False,False,False,False,False,False,False,False,False,True,False,False,False,True,False,False,False,False,False,False,True,False,False,True,False,False,False,False,True,False,False,False,False,False,False,False,False,False,False,False,False,False,False,False,False,False,False,False
2017,14,6,0,0,0,0,0,0,0,5,2,0,4.493120682179469,5.2574953720277815,False,False,False,False,False,False,False,False,False,False,False,False,False,False,False,False,False,False,False,False,False,True,False,False,True,False,False,False,False,True,False,False,False,False,False,False,False,False,False,False,False,False,False,False,False,False,False,False,False
2017,21,24,0,0,0,0,0,0,0,3,2,0,4.605170185988092,5.8664680569332965,False,False,False,False,False,False,False,False,True,False,False,False,False,False,True,False,False,False,False,False,False,True,False,False,True,False,False,False,False,True,False,False,False,False,False,False,False,False,False,False,False,False,False,False,False,False,False,False,False
2015,32,2,0,0,0,0,0,0,2,7,3,1,5.156926598356047,2.5649493574615367,True,True,False,False,False,False,False,False,False,False,False,False,False,False,False,False,False,False,False,False,False,True,False,False,True,False,False,False,False,True,False,False,False,False,False,True,False,False,False,False,False,False,False,False,True,False,False,False,False
2017,26,25,0,0,0,0,0,0,0,1,1,0,4.290459441148391,1.0986122886681098,True,False,False,False,False,False,True,False,False,False,False,False,False,False,False,False,False,False,False,False,False,True,False,False,True,False,False,False,False,True,False,False,False,False,False,False,False,False,False,False,False,True,False,False,False,False,False,False,False
2017,26,1,1,0,0,0,0,1,2,7,3,1,5.3471075307174685,4.634728988229636,True,False,False,False,False,True,False,False,False,False,False,False,False,False,False,False,False,False,True,False,False,False,True,False,False,False,False,False,False,True,False,False,False,True,False,False,False,False,False,False,False,True,False,False,False,False,False,False,False
2016,48,25,0,0,0,0,0,0,1,1,2,0,4.549657476057832,4.02535169073515,False,False,False,False,False,False,False,False,False,True,False,False,False,False,False,False,False,False,False,False,False,True,False,False,True,False,False,False,False,True,False,False,False,False,False,False,False,False,False,False,False,False,False,False,True,False,False,False,False
2015,52,21,0,0,0,0,0,0,1,7,2,0,4.007333185232471,5.3471075307174685,True,False,True,False,False,False,False,False,False,False,False,False,False,True,False,False,False,False,False,False,True,False,False,False,True,False,False,False,False,False,False,False,False,True,False,False,False,False,False,False,False,True,False,False,False,False,False,False,False
2016,38,16,0,0,0,1,0,0,0,3,1,0,4.262679877041316,3.4657359027997265,False,False,False,False,False,False,False,False,False,False,False,True,False,False,False,False,False,False,False,False,True,False,False,False,True,False,False,False,False,False,True,False,False,False,False,False,False,False,False,False,False,False,False,False,False,False,False,False,False
2016,17,17,0,0,0,0,0,0,0,2,2,0,4.709530201312334,5.62040086571715,False,False,False,False,False,False,False,False,False,False,False,False,False,True,False,False,False,False,False,False,True,False,False,False,True,False,True,False,False,True,False,False,False,False,False,False,False,False,False,False,False,False,False,False,False,False,False,False,False
2016,23,31,0,0,0,2,0,0,1,3,3,0,4.970507503005476,4.8283137373023015,False,False,False,False,False,False,False,False,True,False,False,False,False,False,False,False,False,False,False,False,False,True,False,False,True,False,False,False,False,True,False,False,False,False,False,False,False,False,False,False,False,False,False,False,False,False,False,False,False
2016,48,21,0,0,0,0,0,0,0,2,1,0,4.330733340286331,5.375278407684165,False,False,False,False,False,False,False,False,False,True,False,False,False,False,False,False,False,False,False,True,False,False,False,False,False,False,False,False,False,True,False,False,False,False,False,False,False,False,False,False,False,False,False,False,False,False,False,False,False
2016,25,12,0,0,0,0,0,1,1,2,2,0,4.844187086458591,0.0,True,False,False,False,False,False,True,False,False,False,False,False,False,False,False,False,False,False,False,False,False,True,False,False,True,False,False,False,False,True,False,False,False,False,False,False,False,False,False,False,False,False,False,False,False,False,False,False,False
2015,32,3,0,0,0,0,0,0,0,4,2,1,4.143134726391533,3.367295829986474,False,True,False,False,False,False,False,False,False,False,False,False,False,False,False,False,False,False,False,True,False,False,False,False,True,False,False,False,False,False,True,False,False,False,False,False,False,False,False,False,False,False,False,False,False,False,False,False,False
2017,26,28,0,0,0,0,0,0,1,4,2,0,5.017279836814924,4.143134726391533,False,False,False,False,False,False,True,False,False,False,False,False,False,False,False,False,False,False,False,False,False,True,False,False,True,False,False,False,False,True,False,False,False,True,False,False,False,False,False,False,False,True,False,False,False,False,False,False,False
2016,24,7,0,0,0,0,62,0,0,3,2,0,4.875197323201151,5.365976015021851,False,False,False,False,False,False,True,False,False,False,False,False,False,False,False,False,False,False,False,False,True,False,False,False,True,False,True,False,False,True,False,False,False,False,False,False,False,False,False,False,False,False,False,False,False,False,False,False,False
2016,21,16,0,0,0,0,0,0,0,4,2,0,4.7063720664970585,4.219507705176107,False,False,False,False,False,False,False,False,True,False,False,False,False,False,False,False,False,False,True,False,False,False,True,False,False,False,False,False,False,True,False,False,False,False,False,False,False,False,False,False,False,False,False,False,False,False,False,False,False
2015,32,8,0,0,0,0,0,0,0,3,2,1,4.465908118654584,3.4339872044851463,False,True,False,False,False,False,False,False,False,False,False,False,False,True,False,False,False,False,False,True,False,False,False,False,True,False,False,False,False,False,True,False,False,False,False,False,False,False,False,False,False,False,False,False,False,False,False,False,False
2017,8,25,0,0,0,0,0,0,2,2,2,0,4.07753744390572,3.4011973816621555,True,False,False,True,False,False,False,False,False,False,False,False,False,False,False,False,False,False,False,False,False,True,False,False,True,False,False,False,False,False,True,False,False,True,False,False,False,False,False,False,False,True,False,False,False,False,False,False,False
2016,19,6,0,0,0,0,0,1,0,4,2,0,4.703203926259457,5.25227342804663,False,False,False,False,False,False,False,False,True,False,False,False,False,False,False,False,False,False,False,False,False,True,False,False,True,False,False,False,False,True,False,True,False,False,False,False,False,False,False,True,False,False,False,False,False,False,False,False,False
2016,33,9,0,0,0,0,0,0,1,3,3,1,4.995183189537334,4.727387818712341,False,True,False,False,False,False,False,False,False,False,False,False,False,False,False,False,False,False,False,False,False,True,False,False,True,False,False,False,False,True,False,False,False,True,False,False,False,False,False,False,False,True,False,False,False,False,False,False,False
2016,44,23,0,0,0,0,0,0,1,2,2,0,4.7535901911063645,5.958424693029782,False,False,False,False,False,False,False,False,False,False,True,False,False,True,False,False,False,False,False,False,True,False,False,False,True,False,False,False,False,False,True,False,False,False,False,False,False,False,False,False,False,False,False,False,False,False,False,False,False
2017,29,22,0,0,0,0,0,0,0,2,2,1,4.394449154672439,6.049733455231958,False,False,False,False,False,True,False,False,False,False,False,False,False,False,False,False,False,False,False,False,True,False,False,False,True,False,False,False,False,False,True,False,False,False,False,False,False,False,False,False,False,False,False,False,False,False,False,False,False
2017,33,16,0,0,0,0,0,0,1,3,2,1,4.875197323201151,4.442651256490317,False,True,False,False,False,False,False,False,False,False,False,False,False,False,True,False,False,False,False,False,False,True,False,False,True,False,False,False,False,True,False,False,False,False,False,False,False,False,False,False,False,False,False,False,False,False,False,False,False
2015,45,2,0,0,0,5,0,0,0,7,2,0,3.788724789083653,3.4657359027997265,True,False,False,False,False,False,False,False,False,True,False,False,False,False,False,False,False,True,False,False,False,False,False,False,False,False,False,False,False,False,True,False,False,False,False,False,False,False,False,False,False,False,False,False,False,False,False,False,False
2016,34,19,0,0,0,0,0,0,0,5,3,1,5.199601393608879,5.111987788356544,False,True,False,False,False,False,False,False,False,False,False,False,False,True,False,False,False,False,False,False,False,True,False,False,True,False,False,False,False,True,False,False,False,False,False,False,False,False,False,False,False,False,False,False,False,False,False,False,False
2017,11,15,0,0,0,0,0,0,0,3,2,0,4.454347296253507,4.532599493153256,False,False,False,False,False,False,False,True,False,False,False,False,False,False,False,False,False,False,False,True,False,False,True,False,False,False,True,False,False,True,False,False,False,False,False,False,False,False,False,False,False,False,False,False,False,False,False,False,False
2017,28,9,0,0,0,0,0,0,1,1,2,1,5.081404364984463,3.4657359027997265,False,False,False,False,False,True,False,False,False,False,False,False,False,False,False,False,False,False,False,False,False,True,False,False,True,False,False,False,False,True,False,False,False,False,False,False,False,False,False,False,False,False,False,False,False,False,False,False,False
2017,33,13,0,0,0,0,0,0,0,1,2,1,5.225746673713202,0.0,True,True,False,False,False,False,False,False,False,False,False,False,False,False,False,False,False,False,True,False,False,False,True,False,False,False,False,False,False,True,False,False,False,False,False,False,False,False,False,False,False,False,False,False,False,False,False,False,False
2015,52,23,0,0,0,0,0,0,1,7,2,0,4.276666119016055,3.4011973816621555,True,False,True,False,False,False,False,False,False,False,False,False,False,False,False,False,False,False,False,False,True,False,False,False,True,False,False,False,False,True,False,False,False,True,False,False,False,False,False,False,False,True,False,False,False,False,False,False,False
2016,53,30,0,0,0,0,0,1,2,2,3,0,5.10594547390058,4.02535169073515,True,False,True,False,False,False,False,False,False,False,False,False,False,False,False,False,False,False,True,False,False,False,True,False,False,False,False,False,False,True,False,False,False,False,True,False,False,False,False,False,False,False,True,False,False,False,False,False,False
2016,34,20,0,0,0,0,0,0,1,1,2,1,4.859812404361672,1.3862943611198906,False,True,False,False,False,False,False,False,False,False,False,False,False,False,True,False,False,False,False,False,False,True,False,False,True,False,False,False,False,True,False,False,False,False,False,False,False,False,False,False,False,False,False,False,False,False,False,False,False
2017,25,21,0,0,0,0,0,0,0,4,1,0,4.709530201312334,5.0369526024136295,False,False,False,False,False,False,True,False,False,False,False,False,False,False,False,False,False,True,False,False,False,False,False,False,True,False,True,False,False,True,False,False,False,False,False,False,False,False,False,False,False,False,False,False,False,False,False,False,False
2016,17,18,0,0,0,1,0,0,0,2,2,0,4.465908118654584,5.225746673713202,True,False,False,False,False,False,False,False,False,False,False,False,False,True,False,False,False,False,False,True,False,False,False,False,True,False,False,False,False,False,True,False,False,False,False,False,False,False,False,False,True,False,False,False,False,False,False,False,False
2016,8,19,0,1,0,0,0,0,0,1,2,0,4.394449154672439,4.605170185988092,False,False,False,True,False,False,False,False,False,False,False,False,False,False,False,False,False,True,False,False,False,False,False,False,False,False,False,False,False,False,True,False,False,False,False,False,False,False,False,False,False,False,False,False,False,False,False,False,False
2015,34,19,0,0,0,0,0,0,0,3,2,1,4.382026634673881,1.9459101490553128,False,True,False,False,False,False,False,False,False,False,False,False,False,False,False,False,False,False,True,False,False,False,True,False,False,False,False,False,False,True,False,False,False,True,False,False,False,False,False,False,False,True,False,False,False,False,False,False,False
2016,2,8,0,0,0,0,0,0,1,2,2,0,4.241326752570746,0.6931471805599453,False,False,False,False,True,False,False,False,False,False,False,False,False,False,True,False,False,False,False,False,False,True,False,False,True,False,False,False,False,True,False,False,False,False,False,False,False,False,False,False,False,False,False,False,False,False,False,False,False
2017,25,20,0,0,0,0,0,0,0,1,2,0,4.394449154672439,5.030437921392435,True,False,False,False,False,False,True,False,False,False,False,False,False,False,False,False,False,False,False,False,True,False,False,False,True,False,False,False,False,True,False,False,False,True,False,False,False,False,False,False,False,True,False,False,False,False,False,False,False
2015,37,7,0,0,0,0,0,0,1,1,1,0,4.897839799950911,1.3862943611198906,False,False,False,False,False,False,False,False,False,False,False,True,False,False,False,False,False,False,False,False,False,True,False,False,True,False,False,False,False,False,False,False,False,False,False,False,False,False,False,False,False,False,False,False,False,False,False,False,False
2016,43,17,0,0,0,0,0,0,2,4,3,0,5.025195445427586,4.219507705176107,False,False,False,False,False,False,False,False,False,False,True,False,False,False,False,False,False,False,False,False,False,True,False,False,True,False,False,False,False,True,False,False,False,True,False,False,False,False,False,False,False,True,False,False,False,False,False,False,False
2016,44,26,0,0,0,0,0,0,0,1,1,0,4.820281565605037,3.6375861597263857,False,False,False,False,False,False,False,False,False,False,True,False,False,False,False,False,False,False,False,False,False,True,False,True,False,False,False,False,False,True,False,False,False,False,False,False,False,False,False,False,False,False,False,False,False,False,False,False,False
2016,34,20,0,0,0,0,0,0,0,14,2,1,4.6848128136402885,5.214935757608986,True,True,False,False,False,False,False,False,False,False,False,False,False,False,False,False,False,False,False,False,True,False,False,False,True,False,False,False,False,True,False,False,False,True,False,False,False,False,False,False,False,True,False,False,False,False,False,False,False
2016,45,3,0,0,1,1,0,1,3,7,2,0,4.39197696552705,4.174387269895637,True,False,False,False,False,False,False,False,False,True,False,False,False,True,False,False,False,False,False,False,False,True,False,False,True,False,False,False,False,True,False,False,False,True,False,False,False,False,False,False,False,True,False,False,False,False,False,False,False
2017,18,3,0,0,0,0,0,0,0,3,2,0,4.691347882229144,4.418840607796598,False,False,False,False,False,False,False,False,True,False,False,False,False,False,True,False,False,False,False,False,False,True,False,False,True,False,False,False,False,True,False,False,False,False,False,False,False,False,False,False,False,False,False,False,False,False,False,False,False
2016,48,21,0,0,0,0,0,0,0,2,1,0,4.470495282661489,4.394449154672439,False,False,False,False,False,False,False,False,False,True,False,False,False,False,False,False,False,False,False,False,False,True,False,False,True,False,False,False,False,True,False,False,False,False,False,False,False,False,False,False,False,False,False,False,False,False,False,False,False
2017,31,5,0,0,0,0,0,0,2,11,2,1,5.294309345150498,5.308267697401205,True,True,False,False,False,False,False,False,False,False,False,False,False,False,False,False,False,False,True,False,False,False,True,False,False,False,False,False,False,False,True,False,False,False,False,True,False,False,False,False,False,False,False,True,False,False,False,False,False
2017,23,6,0,0,0,0,0,0,1,2,2,0,5.075173815233827,3.5263605246161616,False,False,False,False,False,False,True,False,False,False,False,False,False,False,False,False,False,False,False,False,False,True,False,False,True,False,False,False,False,True,False,False,False,True,False,False,False,False,False,False,False,True,False,False,False,False,False,False,False
2016,9,26,0,1,0,0,0,0,0,3,2,0,4.382026634673881,4.532599493153256,True,False,False,True,False,False,False,False,False,False,False,False,False,False,False,True,False,False,False,True,False,False,False,False,True,False,True,False,False,True,False,False,False,False,False,False,False,False,False,False,False,False,False,False,False,False,False,False,False
2017,16,19,0,0,0,0,0,0,0,4,2,0,4.61512051684126,4.51085950651685,False,False,False,False,False,False,False,False,False,False,False,False,False,False,False,False,False,False,False,False,True,False,False,False,True,False,False,False,False,False,True,False,False,False,False,False,False,False,False,False,False,False,False,False,False,False,False,False,False
2016,26,23,0,0,0,0,0,1,1,2,2,0,4.727387818712341,5.198497031265826,True,False,False,False,False,False,True,False,False,False,False,False,False,False,False,False,False,False,False,False,False,True,False,False,True,False,False,False,False,True,False,False,False,False,True,False,False,False,False,False,False,False,False,True,False,False,False,False,False
2017,17,27,0,0,0,0,0,0,0,2,2,0,4.74493212836325,3.4339872044851463,False,False,False,False,False,False,False,False,False,False,False,False,False,False,True,False,False,False,False,False,False,True,False,False,True,False,False,False,False,True,False,False,False,False,False,False,False,False,False,False,False,False,False,False,False,False,False,False,False
